код	було	стало	камінь було	камінь стало	назва
001	136000	237000	gabbro	gabbro	Меморіальний комплекс — головинське габро, складне різьблення
002	305000	385500	gabbro	gabbro	Військовий пам'ятник — габро, елітне оздоблення
003	109000	175000	gabbro	gabbro	Меморіальний комплекс — букинське габро, стандартне оздоблення
004	155000	306000	Лезниківський	Лезниківський	Меморіальний комплекс — лезниківський граніт, елітне оздоблення
005	101000	206500	Покостівський	Покостівський	Військовий пам'ятник — покостівський граніт, базове оздоблення
006	190000	324000	labradorite	labradorite	Військовий пам'ятник — добринський лабрадорит, складне різьблення
007	328000	414500	gabbro	gabbro	Військовий пам'ятник — габро, елітне оздоблення
008	178000	303500	labradorite	labradorite	Військовий пам'ятник — горбулівський лабрадорит, складне різьблення
009	201000	328000	gabbro	gabbro	Військовий пам'ятник — головинське габро, складне різьблення
010	193000	348500	marble	marble	Меморіальний комплекс — білий мармур, елітне оздоблення
011	167000	267500	gabbro	gabbro	Військовий пам'ятник — букинське габро, стандартне оздоблення
012	90000	180500	labradorite	labradorite	Військовий пам'ятник — добринський лабрадорит, проста форма
013	147000	291000	Дідковицький	Дідковицький	Меморіальний комплекс — дідковицький граніт, елітне оздоблення
014	83000	113500	Покостівський	Танський	Меморіальний комплекс — танський граніт, проста форма
015	87000	186000	labradorite	Лезниківський	Військовий пам'ятник — лезниківський граніт, проста форма
016	224000	321000	gabbro	gabbro	Меморіальний комплекс — головинське габро, елітне оздоблення
017	106000	245500	Капустинський	Софіївський	Військовий пам'ятник — софіївський граніт, стандартне оздоблення
018	99000	209000	gabbro	gabbro	Військовий пам'ятник — габро, базове оздоблення
019	121000	217000	Капустинський	Капустинський	Меморіальний комплекс — капустинський граніт, складне різьблення
020	140000	241000	gabbro	gabbro	Меморіальний комплекс — габро, складне різьблення
021	101000	155000	Капустинський	Межиріцький	Меморіальний комплекс — межиріцький граніт, базове оздоблення
022	67000	113500	labradorite	labradorite	Меморіальний комплекс — добринський лабрадорит, проста форма
023	85000	114000	labradorite	labradorite	Меморіальний комплекс — горбулівський лабрадорит, проста форма
024	97000	131500	Капустинський	Капустинський	Меморіальний комплекс — капустинський граніт, проста форма
025	103000	160000	gabbro	Лезниківський	Меморіальний комплекс — лезниківський граніт, базове оздоблення
026	94000	198500	gabbro	gabbro	Військовий пам'ятник — габро, базове оздоблення
027	113000	186500	Капустинський	Капустинський	Меморіальний комплекс — капустинський граніт, стандартне оздоблення
028	102000	158500	gabbro	Лезниківський	Меморіальний комплекс — лезниківський граніт, базове оздоблення
029	100000	222000	gabbro	Корнинський	Військовий пам'ятник — корнинський граніт, базове оздоблення
030	110000	232500	Покостівський	gabbro	Військовий пам'ятник — габро, стандартне оздоблення
031	124000	222500	Капустинський	Капустинський	Меморіальний комплекс — капустинський граніт, складне різьблення
032	97000	132000	labradorite	Маславський	Меморіальний комплекс — маславський граніт, проста форма
033	114000	189500	Капустинський	Межиріцький	Меморіальний комплекс — межиріцький граніт, стандартне оздоблення
034	99000	147000	gabbro	gabbro	Меморіальний комплекс — габро, базове оздоблення
035	106000	157500	gabbro	gabbro	Меморіальний комплекс — головинське габро, базове оздоблення
036	101000	157000	gabbro	Лезниківський	Меморіальний комплекс — лезниківський граніт, базове оздоблення
037	91000	122000	labradorite	labradorite	Меморіальний комплекс — добринський лабрадорит, проста форма
038	108000	173500	gabbro	gabbro	Меморіальний комплекс — габро, стандартне оздоблення
039	117000	188000	gabbro	gabbro	Меморіальний комплекс — габро, стандартне оздоблення
040	112000	183500	labradorite	labradorite	Меморіальний комплекс — горбулівський лабрадорит, стандартне оздоблення
041	116000	195000	gabbro	Лезниківський	Меморіальний комплекс — лезниківський граніт, стандартне оздоблення
042	103000	156000	labradorite	labradorite	Меморіальний комплекс — лабрадорит, базове оздоблення
043	145000	241000	gabbro	gabbro	Меморіальний комплекс — букинське габро, складне різьблення
044	107000	175000	labradorite	labradorite	Меморіальний комплекс — добринський лабрадорит, стандартне оздоблення
045	120000	213000	labradorite	labradorite	Меморіальний комплекс — горбулівський лабрадорит, складне різьблення
046	113000	184500	gabbro	Танський	Меморіальний комплекс — танський граніт, стандартне оздоблення
047	118000	209000	Лезниківський	gabbro	Меморіальний комплекс — габро, складне різьблення
048	101000	157000	gabbro	Лезниківський	Меморіальний комплекс — лезниківський граніт, базове оздоблення
049	114000	191500	gabbro	Лезниківський	Меморіальний комплекс — лезниківський граніт, стандартне оздоблення
050	105000	159000	labradorite	labradorite	Меморіальний комплекс — лабрадорит, базове оздоблення
051	100000	151500	labradorite	labradorite	Меморіальний комплекс — добринський лабрадорит, базове оздоблення
052	109000	178500	labradorite	labradorite	Меморіальний комплекс — горбулівський лабрадорит, стандартне оздоблення
053	98000	134500	gabbro	Лезниківський	Меморіальний комплекс — лезниківський граніт, проста форма
054	159000	300000	gabbro	gabbro	Меморіальний комплекс — букинське габро, елітне оздоблення
055	112000	183500	labradorite	labradorite	Меморіальний комплекс — лабрадорит, стандартне оздоблення
056	106000	173500	labradorite	labradorite	Меморіальний комплекс — горбулівський лабрадорит, стандартне оздоблення
057	175000	267500	gabbro	gabbro	Військовий пам'ятник — головинське габро, стандартне оздоблення
058	99000	147000	gabbro	gabbro	Меморіальний комплекс — букинське габро, базове оздоблення
059	129000	222000	labradorite	Покостівський	Меморіальний комплекс — покостівський граніт, складне різьблення
060	143000	245000	labradorite	labradorite	Меморіальний комплекс — горбулівський лабрадорит, складне різьблення
061	17500	20500	Капустинський	Капустинський	Одинарний пам'ятник — капустинський граніт, проста форма
062	22000	26000	Капустинський	Межиріцький	Одинарний пам'ятник — межиріцький граніт, базове оздоблення
063	26500	33000	Лезниківський	Лезниківський	Одинарний пам'ятник — лезниківський граніт, стандартне оздоблення
064	27500	32500	Покостівський	Покостівський	Одинарний пам'ятник — покостівський граніт, складне різьблення
065	35500	42000	gabbro	gabbro	Одинарний пам'ятник — головинське габро, елітне оздоблення
066	18000	20000	gabbro	gabbro	Одинарний пам'ятник — букинське габро, проста форма
067	21000	24000	labradorite	labradorite	Одинарний пам'ятник — добринський лабрадорит, базове оздоблення
068	26000	30500	labradorite	labradorite	Одинарний пам'ятник — горбулівський лабрадорит, стандартне оздоблення
069	32500	39000	gabbro	Берестовецький	Одинарний пам'ятник — берестовецький базальт, складне різьблення
070	38000	48000	Капустинський	Капустинський	Одинарний пам'ятник — капустинський граніт, елітне оздоблення
071	18000	21500	Капустинський	Межиріцький	Одинарний пам'ятник — межиріцький граніт, проста форма
072	22500	27500	Лезниківський	Лезниківський	Одинарний пам'ятник — лезниківський граніт, базове оздоблення
073	23000	26000	Покостівський	Покостівський	Одинарний пам'ятник — покостівський граніт, стандартне оздоблення
074	30500	37500	Покостівський	Танський	Одинарний пам'ятник — танський граніт, складне різьблення
075	38500	48000	Покостівський	Софіївський	Одинарний пам'ятник — софіївський граніт, елітне оздоблення
076	17500	20000	Покостівський	Корнинський	Одинарний пам'ятник — корнинський граніт, проста форма
077	29000	32000	gabbro	gabbro	Подвійний пам'ятник — головинське габро, проста форма
078	38000	42000	gabbro	gabbro	Подвійний пам'ятник — букинське габро, базове оздоблення
079	43000	53500	labradorite	labradorite	Подвійний пам'ятник — добринський лабрадорит, стандартне оздоблення
080	53500	66000	labradorite	labradorite	Подвійний пам'ятник — горбулівський лабрадорит, складне різьблення
081	69500	77000	gabbro	Берестовецький	Подвійний пам'ятник — берестовецький базальт, елітне оздоблення
082	31500	38000	Дідковицький	Дідковицький	Подвійний пам'ятник — дідковицький граніт, проста форма
083	40500	48000	Дідковицький	Маславський	Подвійний пам'ятник — маславський граніт, базове оздоблення
084	44000	56000	Капустинський	Капустинський	Подвійний пам'ятник — капустинський граніт, стандартне оздоблення
085	53000	68000	Капустинський	Межиріцький	Подвійний пам'ятник — межиріцький граніт, складне різьблення
086	68000	82500	Лезниківський	Лезниківський	Подвійний пам'ятник — лезниківський граніт, елітне оздоблення
087	28000	30000	Покостівський	Покостівський	Подвійний пам'ятник — покостівський граніт, проста форма
088	37500	43000	Покостівський	Танський	Подвійний пам'ятник — танський граніт, базове оздоблення
089	28500	40000	Покостівський	Софіївський	Європейський пам'ятник — софіївський граніт, проста форма
090	34000	48500	Покостівський	Корнинський	Європейський пам'ятник — корнинський граніт, базове оздоблення
091	46000	77500	marble	marble	Європейський пам'ятник — білий мармур, стандартне оздоблення
092	50500	78000	Дідковицький	Дідковицький	Європейський пам'ятник — дідковицький граніт, складне різьблення
093	67500	89500	Дідковицький	Маславський	Європейський пам'ятник — маславський граніт, елітне оздоблення
094	26500	35500	gabbro	gabbro	Європейський пам'ятник — головинське габро, проста форма
095	35500	48000	gabbro	gabbro	Європейський пам'ятник — букинське габро, базове оздоблення
096	40000	58500	labradorite	labradorite	Європейський пам'ятник — добринський лабрадорит, стандартне оздоблення
097	49500	72500	labradorite	labradorite	Європейський пам'ятник — горбулівський лабрадорит, складне різьблення
098	65500	82500	gabbro	Берестовецький	Європейський пам'ятник — берестовецький базальт, елітне оздоблення
099	32000	49000	marble	marble	Європейський пам'ятник — білий мармур, проста форма
100	36500	56000	Лезниківський	Токівський	Європейський пам'ятник — токівський граніт, базове оздоблення
101	23500	27000	Капустинський	Капустинський	Хрест гранітний — капустинський граніт, проста форма
102	29000	35500	Капустинський	Межиріцький	Хрест гранітний — межиріцький граніт, базове оздоблення
103	35000	41500	Лезниківський	Лезниківський	Хрест гранітний — лезниківський граніт, стандартне оздоблення
104	37000	45500	Покостівський	Покостівський	Хрест гранітний — покостівський граніт, складне різьблення
105	51000	64500	Покостівський	Танський	Хрест гранітний — танський граніт, елітне оздоблення
106	24000	27500	Покостівський	Софіївський	Хрест гранітний — софіївський граніт, проста форма
107	28500	33500	Покостівський	Корнинський	Хрест гранітний — корнинський граніт, базове оздоблення
108	38000	40500	marble	gabbro	Хрест гранітний — габро, стандартне оздоблення
109	42000	59000	Дідковицький	Дідковицький	Хрест гранітний — дідковицький граніт, складне різьблення
110	56000	73000	Дідковицький	Маславський	Хрест гранітний — маславський граніт, елітне оздоблення
111	25000	30500	Лезниківський	Токівський	Хрест гранітний — токівський граніт, проста форма
112	27000	30500	gabbro	gabbro	Хрест гранітний — головинське габро, базове оздоблення
113	27000	36000	marble	marble	Дитячий пам'ятник — білий мармур, проста форма
114	33000	42500	marble	marble	Дитячий пам'ятник — білий мармур, базове оздоблення
115	31000	34000	Покостівський	Покостівський	Дитячий пам'ятник — покостівський граніт, стандартне оздоблення
116	41500	46000	Покостівський	Танський	Дитячий пам'ятник — танський граніт, складне різьблення
117	52000	58500	Покостівський	Софіївський	Дитячий пам'ятник — софіївський граніт, елітне оздоблення
118	23500	27500	Покостівський	Корнинський	Дитячий пам'ятник — корнинський граніт, проста форма
119	29000	33000	Капустинський	Капустинський	Дитячий пам'ятник — капустинський граніт, базове оздоблення
120	34500	42000	Капустинський	Межиріцький	Дитячий пам'ятник — межиріцький граніт, стандартне оздоблення
121	43000	51000	Лезниківський	Лезниківський	Дитячий пам'ятник — лезниківський граніт, складне різьблення
122	53000	62500	Дідковицький	Дідковицький	Дитячий пам'ятник — дідковицький граніт, елітне оздоблення
