code,type,shape_uk,stone_key,tier,file,prompt
123,single,"Одинарний, серце",gabbro,prosta,123-single-gabbro.png,"heart-shaped single stele on a pedestal with a flower bed, plain rectangular edges, name and dates only. Stone: deep black polished gabbro, mirror-like, no inclusions. Photorealistic product photo of a memorial in a misty pine cemetery in Polissia, Ukraine: autumn morning fog, soft diffused light, eye-level 50mm lens, monument centered and fully visible, granite paving path on the left, blurred old headstones and pines in the background, muted natural colours, portrait 4:5 (e.g. 2048×2560), monument fills about 70 % of the frame height. Portrait placeholder: ceramic oval with a Madonna icon. Engraved gold placeholder text 'Прізвище Ім'я По-батькові' and dates '00.00.0000 — 00.00.0000', no real names, no other readable text, no people, no watermark."
124,single,"Одинарний, розгорнута книга",labradorite,bazova,124-single-labradorite.png,"single stele carved as an open book on a low pedestal, simple profiled edge, small engraved cross. Stone: black labradorite with blue-green iridescent flashes. Photorealistic product photo of a memorial in a misty pine cemetery in Polissia, Ukraine: autumn morning fog, soft diffused light, eye-level 50mm lens, monument centered and fully visible, granite paving path on the left, blurred old headstones and pines in the background, muted natural colours, portrait 4:5 (e.g. 2048×2560), monument fills about 70 % of the frame height. Portrait placeholder: laser-engraved portrait area left blank (subtle lighter oval). Engraved gold placeholder text 'Прізвище Ім'я По-батькові' and dates '00.00.0000 — 00.00.0000', no real names, no other readable text, no people, no watermark."
125,single,"Одинарний, хвиля",Покостівський,standartna,125-single-Покостівський.png,"single stele with a wave-shaped asymmetric top, figured top, engraved ornament along one edge. Stone: light grey fine-grained Pokostivka granite, polished. Photorealistic product photo of a memorial in a misty pine cemetery in Polissia, Ukraine: autumn morning fog, soft diffused light, eye-level 50mm lens, monument centered and fully visible, granite paving path on the left, blurred old headstones and pines in the background, muted natural colours, portrait 4:5 (e.g. 2048×2560), monument fills about 70 % of the frame height. Portrait placeholder: ceramic rectangle with a Christ icon. Engraved gold placeholder text 'Прізвище Ім'я По-батькові' and dates '00.00.0000 — 00.00.0000', no real names, no other readable text, no people, no watermark."
126,single,"Одинарний, арка з колонами",Танський,skladna,126-single-Танський.png,"single arched stele framed by two carved columns, hand-carved relief elements, combination of polished and matte surfaces. Stone: light grey Tanske granite with small dark specks. Photorealistic product photo of a memorial in a misty pine cemetery in Polissia, Ukraine: autumn morning fog, soft diffused light, eye-level 50mm lens, monument centered and fully visible, granite paving path on the left, blurred old headstones and pines in the background, muted natural colours, portrait 4:5 (e.g. 2048×2560), monument fills about 70 % of the frame height. Portrait placeholder: no portrait, engraved orthodox cross instead. Engraved gold placeholder text 'Прізвище Ім'я По-батькові' and dates '00.00.0000 — 00.00.0000', no real names, no other readable text, no people, no watermark."
127,single,"Одинарний, скошена стела",Софіївський,elitna,127-single-Софіївський.png,"single stele with a diagonal cut top and engraved cross, sculptural carving, gilded details, two-stone combination, premium finish. Stone: warm grey-beige Sofiivka granite, polished. Photorealistic product photo of a memorial in a misty pine cemetery in Polissia, Ukraine: autumn morning fog, soft diffused light, eye-level 50mm lens, monument centered and fully visible, granite paving path on the left, blurred old headstones and pines in the background, muted natural colours, portrait 4:5 (e.g. 2048×2560), monument fills about 70 % of the frame height. Portrait placeholder: ceramic oval with a Madonna icon. Engraved gold placeholder text 'Прізвище Ім'я По-батькові' and dates '00.00.0000 — 00.00.0000', no real names, no other readable text, no people, no watermark."
128,single,"Одинарний, з вирізом під хрест",Корнинський,prosta,128-single-Корнинський.png,"single stele with a cut-out cross silhouette on top, plain rectangular edges, name and dates only. Stone: grey-pink coarse 'Leopard' Kornyn granite. Photorealistic product photo of a memorial in a misty pine cemetery in Polissia, Ukraine: autumn morning fog, soft diffused light, eye-level 50mm lens, monument centered and fully visible, granite paving path on the left, blurred old headstones and pines in the background, muted natural colours, portrait 4:5 (e.g. 2048×2560), monument fills about 70 % of the frame height. Portrait placeholder: laser-engraved portrait area left blank (subtle lighter oval). Engraved gold placeholder text 'Прізвище Ім'я По-батькові' and dates '00.00.0000 — 00.00.0000', no real names, no other readable text, no people, no watermark."
129,single,"Одинарний, тюльпан",Капустинський,bazova,129-single-Капустинський.png,"single stele with a tulip-shaped outline, simple profiled edge, small engraved cross. Stone: pinkish-red Kapustyne granite, medium grain. Photorealistic product photo of a memorial in a misty pine cemetery in Polissia, Ukraine: autumn morning fog, soft diffused light, eye-level 50mm lens, monument centered and fully visible, granite paving path on the left, blurred old headstones and pines in the background, muted natural colours, portrait 4:5 (e.g. 2048×2560), monument fills about 70 % of the frame height. Portrait placeholder: ceramic rectangle with a Christ icon. Engraved gold placeholder text 'Прізвище Ім'я По-батькові' and dates '00.00.0000 — 00.00.0000', no real names, no other readable text, no people, no watermark."
130,single,"Одинарний, дубова гілка",Лезниківський,standartna,130-single-Лезниківський.png,"single stele with a carved oak branch along the side, figured top, engraved ornament along one edge. Stone: brick-red coarse-grained Leznyky granite, polished. Photorealistic product photo of a memorial in a misty pine cemetery in Polissia, Ukraine: autumn morning fog, soft diffused light, eye-level 50mm lens, monument centered and fully visible, granite paving path on the left, blurred old headstones and pines in the background, muted natural colours, portrait 4:5 (e.g. 2048×2560), monument fills about 70 % of the frame height. Portrait placeholder: no portrait, engraved orthodox cross instead. Engraved gold placeholder text 'Прізвище Ім'я По-батькові' and dates '00.00.0000 — 00.00.0000', no real names, no other readable text, no people, no watermark."
131,single,"Одинарний, крапля",Межиріцький,skladna,131-single-Межиріцький.png,"single stele with a teardrop outline, hand-carved relief elements, combination of polished and matte surfaces. Stone: red Mezhyrichka granite with large grey 'flower' inclusions. Photorealistic product photo of a memorial in a misty pine cemetery in Polissia, Ukraine: autumn morning fog, soft diffused light, eye-level 50mm lens, monument centered and fully visible, granite paving path on the left, blurred old headstones and pines in the background, muted natural colours, portrait 4:5 (e.g. 2048×2560), monument fills about 70 % of the frame height. Portrait placeholder: ceramic oval with a Madonna icon. Engraved gold placeholder text 'Прізвище Ім'я По-батькові' and dates '00.00.0000 — 00.00.0000', no real names, no other readable text, no people, no watermark."
132,single,"Одинарний, з лампадою",Токівський,elitna,132-single-Токівський.png,"single rectangular stele with a matching granite lamp and vase, sculptural carving, gilded details, two-stone combination, premium finish. Stone: red-brown Tokivske granite with dark specks. Photorealistic product photo of a memorial in a misty pine cemetery in Polissia, Ukraine: autumn morning fog, soft diffused light, eye-level 50mm lens, monument centered and fully visible, granite paving path on the left, blurred old headstones and pines in the background, muted natural colours, portrait 4:5 (e.g. 2048×2560), monument fills about 70 % of the frame height. Portrait placeholder: laser-engraved portrait area left blank (subtle lighter oval). Engraved gold placeholder text 'Прізвище Ім'я По-батькові' and dates '00.00.0000 — 00.00.0000', no real names, no other readable text, no people, no watermark."
133,single,"Одинарний, двоколірний",Дідковицький,prosta,133-single-Дідковицький.png,"single black stele on a contrasting red granite pedestal, plain rectangular edges, name and dates only. Stone: dark green Didkovychi granite with grey undertone. Photorealistic product photo of a memorial in a misty pine cemetery in Polissia, Ukraine: autumn morning fog, soft diffused light, eye-level 50mm lens, monument centered and fully visible, granite paving path on the left, blurred old headstones and pines in the background, muted natural colours, portrait 4:5 (e.g. 2048×2560), monument fills about 70 % of the frame height. Portrait placeholder: ceramic rectangle with a Christ icon. Engraved gold placeholder text 'Прізвище Ім'я По-батькові' and dates '00.00.0000 — 00.00.0000', no real names, no other readable text, no people, no watermark."
134,single,"Одинарний, з ангелом",Маславський,bazova,134-single-Маславський.png,"single stele with a carved praying angel on the side, simple profiled edge, small engraved cross. Stone: green-grey Maslavka granite, fine grain. Photorealistic product photo of a memorial in a misty pine cemetery in Polissia, Ukraine: autumn morning fog, soft diffused light, eye-level 50mm lens, monument centered and fully visible, granite paving path on the left, blurred old headstones and pines in the background, muted natural colours, portrait 4:5 (e.g. 2048×2560), monument fills about 70 % of the frame height. Portrait placeholder: no portrait, engraved orthodox cross instead. Engraved gold placeholder text 'Прізвище Ім'я По-батькові' and dates '00.00.0000 — 00.00.0000', no real names, no other readable text, no people, no watermark."
135,single,"Одинарний, фото на весь камінь",Берестовецький,standartna,135-single-Берестовецький.png,"single stele with a full-height engraved landscape background, figured top, engraved ornament along one edge. Stone: dark grey, almost black Berestovets basalt, satin polish. Photorealistic product photo of a memorial in a misty pine cemetery in Polissia, Ukraine: autumn morning fog, soft diffused light, eye-level 50mm lens, monument centered and fully visible, granite paving path on the left, blurred old headstones and pines in the background, muted natural colours, portrait 4:5 (e.g. 2048×2560), monument fills about 70 % of the frame height. Portrait placeholder: ceramic oval with a Madonna icon. Engraved gold placeholder text 'Прізвище Ім'я По-батькові' and dates '00.00.0000 — 00.00.0000', no real names, no other readable text, no people, no watermark."
136,single,"Одинарний, з трояндою",marble,skladna,136-single-marble.png,"single stele with a carved rose in the corner, hand-carved relief elements, combination of polished and matte surfaces. Stone: white Carrara-type marble with soft grey veins. Photorealistic product photo of a memorial in a misty pine cemetery in Polissia, Ukraine: autumn morning fog, soft diffused light, eye-level 50mm lens, monument centered and fully visible, granite paving path on the left, blurred old headstones and pines in the background, muted natural colours, portrait 4:5 (e.g. 2048×2560), monument fills about 70 % of the frame height. Portrait placeholder: laser-engraved portrait area left blank (subtle lighter oval). Engraved gold placeholder text 'Прізвище Ім'я По-батькові' and dates '00.00.0000 — 00.00.0000', no real names, no other readable text, no people, no watermark."
137,double,"Подвійний, серце подвійне",gabbro,elitna,137-double-gabbro.png,"double heart-shaped stele for two portraits on a wide pedestal, sculptural carving, gilded details, two-stone combination, premium finish. Stone: deep black polished gabbro, mirror-like, no inclusions. Photorealistic product photo of a memorial in a misty pine cemetery in Polissia, Ukraine: autumn morning fog, soft diffused light, eye-level 50mm lens, monument centered and fully visible, granite paving path on the left, blurred old headstones and pines in the background, muted natural colours, portrait 4:5 (e.g. 2048×2560), monument fills about 70 % of the frame height. Portrait placeholder: ceramic rectangle with a Christ icon. Engraved gold placeholder text 'Прізвище Ім'я По-батькові' and dates '00.00.0000 — 00.00.0000', no real names, no other readable text, no people, no watermark."
138,double,"Подвійний, книга",labradorite,prosta,138-double-labradorite.png,"wide double stele carved as an open book with two portrait areas, plain rectangular edges, name and dates only. Stone: black labradorite with blue-green iridescent flashes. Photorealistic product photo of a memorial in a misty pine cemetery in Polissia, Ukraine: autumn morning fog, soft diffused light, eye-level 50mm lens, monument centered and fully visible, granite paving path on the left, blurred old headstones and pines in the background, muted natural colours, portrait 4:5 (e.g. 2048×2560), monument fills about 70 % of the frame height. Portrait placeholder: no portrait, engraved orthodox cross instead. Engraved gold placeholder text 'Прізвище Ім'я По-батькові' and dates '00.00.0000 — 00.00.0000', no real names, no other readable text, no people, no watermark."
139,double,"Подвійний, дві стели",Покостівський,bazova,139-double-Покостівський.png,"two separate steles on a shared pedestal with a common flower bed, simple profiled edge, small engraved cross. Stone: light grey fine-grained Pokostivka granite, polished. Photorealistic product photo of a memorial in a misty pine cemetery in Polissia, Ukraine: autumn morning fog, soft diffused light, eye-level 50mm lens, monument centered and fully visible, granite paving path on the left, blurred old headstones and pines in the background, muted natural colours, portrait 4:5 (e.g. 2048×2560), monument fills about 70 % of the frame height. Portrait placeholder: ceramic oval with a Madonna icon. Engraved gold placeholder text 'Прізвище Ім'я По-батькові' and dates '00.00.0000 — 00.00.0000', no real names, no other readable text, no people, no watermark."
140,double,"Подвійний, широка з аркою",Танський,standartna,140-double-Танський.png,"wide double stele with a central arch and two portraits, figured top, engraved ornament along one edge. Stone: light grey Tanske granite with small dark specks. Photorealistic product photo of a memorial in a misty pine cemetery in Polissia, Ukraine: autumn morning fog, soft diffused light, eye-level 50mm lens, monument centered and fully visible, granite paving path on the left, blurred old headstones and pines in the background, muted natural colours, portrait 4:5 (e.g. 2048×2560), monument fills about 70 % of the frame height. Portrait placeholder: laser-engraved portrait area left blank (subtle lighter oval). Engraved gold placeholder text 'Прізвище Ім'я По-батькові' and dates '00.00.0000 — 00.00.0000', no real names, no other readable text, no people, no watermark."
141,double,"Подвійний, з різьбленим деревом",Софіївський,skladna,141-double-Софіївський.png,"wide double stele with a carved tree of life between two portraits, hand-carved relief elements, combination of polished and matte surfaces. Stone: warm grey-beige Sofiivka granite, polished. Photorealistic product photo of a memorial in a misty pine cemetery in Polissia, Ukraine: autumn morning fog, soft diffused light, eye-level 50mm lens, monument centered and fully visible, granite paving path on the left, blurred old headstones and pines in the background, muted natural colours, portrait 4:5 (e.g. 2048×2560), monument fills about 70 % of the frame height. Portrait placeholder: ceramic rectangle with a Christ icon. Engraved gold placeholder text 'Прізвище Ім'я По-батькові' and dates '00.00.0000 — 00.00.0000', no real names, no other readable text, no people, no watermark."
142,double,"Подвійний, хвиля",Корнинський,elitna,142-double-Корнинський.png,"wide double stele with a wave-shaped top, sculptural carving, gilded details, two-stone combination, premium finish. Stone: grey-pink coarse 'Leopard' Kornyn granite. Photorealistic product photo of a memorial in a misty pine cemetery in Polissia, Ukraine: autumn morning fog, soft diffused light, eye-level 50mm lens, monument centered and fully visible, granite paving path on the left, blurred old headstones and pines in the background, muted natural colours, portrait 4:5 (e.g. 2048×2560), monument fills about 70 % of the frame height. Portrait placeholder: no portrait, engraved orthodox cross instead. Engraved gold placeholder text 'Прізвище Ім'я По-батькові' and dates '00.00.0000 — 00.00.0000', no real names, no other readable text, no people, no watermark."
143,double,"Подвійний, з колонами",Капустинський,prosta,143-double-Капустинський.png,"wide double stele framed by carved columns, plain rectangular edges, name and dates only. Stone: pinkish-red Kapustyne granite, medium grain. Photorealistic product photo of a memorial in a misty pine cemetery in Polissia, Ukraine: autumn morning fog, soft diffused light, eye-level 50mm lens, monument centered and fully visible, granite paving path on the left, blurred old headstones and pines in the background, muted natural colours, portrait 4:5 (e.g. 2048×2560), monument fills about 70 % of the frame height. Portrait placeholder: ceramic oval with a Madonna icon. Engraved gold placeholder text 'Прізвище Ім'я По-батькові' and dates '00.00.0000 — 00.00.0000', no real names, no other readable text, no people, no watermark."
144,double,"Подвійний, з хрестом посередині",Лезниківський,bazova,144-double-Лезниківський.png,"wide double stele with a raised cross in the middle, simple profiled edge, small engraved cross. Stone: brick-red coarse-grained Leznyky granite, polished. Photorealistic product photo of a memorial in a misty pine cemetery in Polissia, Ukraine: autumn morning fog, soft diffused light, eye-level 50mm lens, monument centered and fully visible, granite paving path on the left, blurred old headstones and pines in the background, muted natural colours, portrait 4:5 (e.g. 2048×2560), monument fills about 70 % of the frame height. Portrait placeholder: laser-engraved portrait area left blank (subtle lighter oval). Engraved gold placeholder text 'Прізвище Ім'я По-батькові' and dates '00.00.0000 — 00.00.0000', no real names, no other readable text, no people, no watermark."
145,double,"Подвійний, скошений верх",Межиріцький,standartna,145-double-Межиріцький.png,"wide double stele with a stepped asymmetric top, figured top, engraved ornament along one edge. Stone: red Mezhyrichka granite with large grey 'flower' inclusions. Photorealistic product photo of a memorial in a misty pine cemetery in Polissia, Ukraine: autumn morning fog, soft diffused light, eye-level 50mm lens, monument centered and fully visible, granite paving path on the left, blurred old headstones and pines in the background, muted natural colours, portrait 4:5 (e.g. 2048×2560), monument fills about 70 % of the frame height. Portrait placeholder: ceramic rectangle with a Christ icon. Engraved gold placeholder text 'Прізвище Ім'я По-батькові' and dates '00.00.0000 — 00.00.0000', no real names, no other readable text, no people, no watermark."
146,double,"Подвійний, з вазою",Токівський,skladna,146-double-Токівський.png,"wide double stele with a central granite vase, hand-carved relief elements, combination of polished and matte surfaces. Stone: red-brown Tokivske granite with dark specks. Photorealistic product photo of a memorial in a misty pine cemetery in Polissia, Ukraine: autumn morning fog, soft diffused light, eye-level 50mm lens, monument centered and fully visible, granite paving path on the left, blurred old headstones and pines in the background, muted natural colours, portrait 4:5 (e.g. 2048×2560), monument fills about 70 % of the frame height. Portrait placeholder: no portrait, engraved orthodox cross instead. Engraved gold placeholder text 'Прізвище Ім'я По-батькові' and dates '00.00.0000 — 00.00.0000', no real names, no other readable text, no people, no watermark."
147,cross,Хрест православний,Дідковицький,elitna,147-cross-Дідковицький.png,"tall orthodox eight-pointed cross carved from a single slab on a pedestal, sculptural carving, gilded details, two-stone combination, premium finish. Stone: dark green Didkovychi granite with grey undertone. Photorealistic product photo of a memorial in a misty pine cemetery in Polissia, Ukraine: autumn morning fog, soft diffused light, eye-level 50mm lens, monument centered and fully visible, granite paving path on the left, blurred old headstones and pines in the background, muted natural colours, portrait 4:5 (e.g. 2048×2560), monument fills about 70 % of the frame height. Portrait placeholder: ceramic oval with a Madonna icon. Engraved gold placeholder text 'Прізвище Ім'я По-батькові' and dates '00.00.0000 — 00.00.0000', no real names, no other readable text, no people, no watermark."
148,cross,Хрест латинський,Маславський,prosta,148-cross-Маславський.png,"latin cross on a tapered pedestal with name plate, plain rectangular edges, name and dates only. Stone: green-grey Maslavka granite, fine grain. Photorealistic product photo of a memorial in a misty pine cemetery in Polissia, Ukraine: autumn morning fog, soft diffused light, eye-level 50mm lens, monument centered and fully visible, granite paving path on the left, blurred old headstones and pines in the background, muted natural colours, portrait 4:5 (e.g. 2048×2560), monument fills about 70 % of the frame height. Portrait placeholder: laser-engraved portrait area left blank (subtle lighter oval). Engraved gold placeholder text 'Прізвище Ім'я По-батькові' and dates '00.00.0000 — 00.00.0000', no real names, no other readable text, no people, no watermark."
149,cross,Хрест із розп'яттям,Берестовецький,bazova,149-cross-Берестовецький.png,"catholic cross with a carved crucifix relief, simple profiled edge, small engraved cross. Stone: dark grey, almost black Berestovets basalt, satin polish. Photorealistic product photo of a memorial in a misty pine cemetery in Polissia, Ukraine: autumn morning fog, soft diffused light, eye-level 50mm lens, monument centered and fully visible, granite paving path on the left, blurred old headstones and pines in the background, muted natural colours, portrait 4:5 (e.g. 2048×2560), monument fills about 70 % of the frame height. Portrait placeholder: ceramic rectangle with a Christ icon. Engraved gold placeholder text 'Прізвище Ім'я По-батькові' and dates '00.00.0000 — 00.00.0000', no real names, no other readable text, no people, no watermark."
150,cross,Хрест на пірамідальному постаменті,marble,standartna,150-cross-marble.png,"cross on a stepped pyramidal pedestal, figured top, engraved ornament along one edge. Stone: white Carrara-type marble with soft grey veins. Photorealistic product photo of a memorial in a misty pine cemetery in Polissia, Ukraine: autumn morning fog, soft diffused light, eye-level 50mm lens, monument centered and fully visible, granite paving path on the left, blurred old headstones and pines in the background, muted natural colours, portrait 4:5 (e.g. 2048×2560), monument fills about 70 % of the frame height. Portrait placeholder: no portrait, engraved orthodox cross instead. Engraved gold placeholder text 'Прізвище Ім'я По-батькові' and dates '00.00.0000 — 00.00.0000', no real names, no other readable text, no people, no watermark."
151,cross,Хрест із лозою,gabbro,skladna,151-cross-gabbro.png,"cross with carved grapevine along the arms, hand-carved relief elements, combination of polished and matte surfaces. Stone: deep black polished gabbro, mirror-like, no inclusions. Photorealistic product photo of a memorial in a misty pine cemetery in Polissia, Ukraine: autumn morning fog, soft diffused light, eye-level 50mm lens, monument centered and fully visible, granite paving path on the left, blurred old headstones and pines in the background, muted natural colours, portrait 4:5 (e.g. 2048×2560), monument fills about 70 % of the frame height. Portrait placeholder: ceramic oval with a Madonna icon. Engraved gold placeholder text 'Прізвище Ім'я По-батькові' and dates '00.00.0000 — 00.00.0000', no real names, no other readable text, no people, no watermark."
152,cross,Хрест-стела,labradorite,elitna,152-cross-labradorite.png,"stele with an integrated cross silhouette on top, sculptural carving, gilded details, two-stone combination, premium finish. Stone: black labradorite with blue-green iridescent flashes. Photorealistic product photo of a memorial in a misty pine cemetery in Polissia, Ukraine: autumn morning fog, soft diffused light, eye-level 50mm lens, monument centered and fully visible, granite paving path on the left, blurred old headstones and pines in the background, muted natural colours, portrait 4:5 (e.g. 2048×2560), monument fills about 70 % of the frame height. Portrait placeholder: laser-engraved portrait area left blank (subtle lighter oval). Engraved gold placeholder text 'Прізвище Ім'я По-батькові' and dates '00.00.0000 — 00.00.0000', no real names, no other readable text, no people, no watermark."
153,cross,Хрест із трояндою,Покостівський,prosta,153-cross-Покостівський.png,"cross with a carved rose at the base, plain rectangular edges, name and dates only. Stone: light grey fine-grained Pokostivka granite, polished. Photorealistic product photo of a memorial in a misty pine cemetery in Polissia, Ukraine: autumn morning fog, soft diffused light, eye-level 50mm lens, monument centered and fully visible, granite paving path on the left, blurred old headstones and pines in the background, muted natural colours, portrait 4:5 (e.g. 2048×2560), monument fills about 70 % of the frame height. Portrait placeholder: ceramic rectangle with a Christ icon. Engraved gold placeholder text 'Прізвище Ім'я По-батькові' and dates '00.00.0000 — 00.00.0000', no real names, no other readable text, no people, no watermark."
154,cross,Хрест на високій тумбі,Танський,bazova,154-cross-Танський.png,"cross on a tall pedestal with engraved icon, simple profiled edge, small engraved cross. Stone: light grey Tanske granite with small dark specks. Photorealistic product photo of a memorial in a misty pine cemetery in Polissia, Ukraine: autumn morning fog, soft diffused light, eye-level 50mm lens, monument centered and fully visible, granite paving path on the left, blurred old headstones and pines in the background, muted natural colours, portrait 4:5 (e.g. 2048×2560), monument fills about 70 % of the frame height. Portrait placeholder: no portrait, engraved orthodox cross instead. Engraved gold placeholder text 'Прізвище Ім'я По-батькові' and dates '00.00.0000 — 00.00.0000', no real names, no other readable text, no people, no watermark."
155,cross,Хрест з ажурними кінцями,Софіївський,standartna,155-cross-Софіївський.png,"cross with trefoil ends on a low pedestal, figured top, engraved ornament along one edge. Stone: warm grey-beige Sofiivka granite, polished. Photorealistic product photo of a memorial in a misty pine cemetery in Polissia, Ukraine: autumn morning fog, soft diffused light, eye-level 50mm lens, monument centered and fully visible, granite paving path on the left, blurred old headstones and pines in the background, muted natural colours, portrait 4:5 (e.g. 2048×2560), monument fills about 70 % of the frame height. Portrait placeholder: ceramic oval with a Madonna icon. Engraved gold placeholder text 'Прізвище Ім'я По-батькові' and dates '00.00.0000 — 00.00.0000', no real names, no other readable text, no people, no watermark."
156,cross,Хрест на плиті,Корнинський,skladna,156-cross-Корнинський.png,"cross lying on a full-length slab, hand-carved relief elements, combination of polished and matte surfaces. Stone: grey-pink coarse 'Leopard' Kornyn granite. Photorealistic product photo of a memorial in a misty pine cemetery in Polissia, Ukraine: autumn morning fog, soft diffused light, eye-level 50mm lens, monument centered and fully visible, granite paving path on the left, blurred old headstones and pines in the background, muted natural colours, portrait 4:5 (e.g. 2048×2560), monument fills about 70 % of the frame height. Portrait placeholder: laser-engraved portrait area left blank (subtle lighter oval). Engraved gold placeholder text 'Прізвище Ім'я По-батькові' and dates '00.00.0000 — 00.00.0000', no real names, no other readable text, no people, no watermark."
157,child,"Дитячий, ангелятко",Капустинський,elitna,157-child-Капустинський.png,"small child's stele with a carved sleeping angel, sculptural carving, gilded details, two-stone combination, premium finish. Stone: pinkish-red Kapustyne granite, medium grain. Photorealistic product photo of a memorial in a misty pine cemetery in Polissia, Ukraine: autumn morning fog, soft diffused light, eye-level 50mm lens, monument centered and fully visible, granite paving path on the left, blurred old headstones and pines in the background, muted natural colours, portrait 4:5 (e.g. 2048×2560), monument fills about 70 % of the frame height. Portrait placeholder: ceramic rectangle with a Christ icon. Engraved gold placeholder text 'Прізвище Ім'я По-батькові' and dates '00.00.0000 — 00.00.0000', no real names, no other readable text, no people, no watermark."
158,child,"Дитячий, ведмедик",Лезниківський,prosta,158-child-Лезниківський.png,"small child's stele with a carved teddy bear, plain rectangular edges, name and dates only. Stone: brick-red coarse-grained Leznyky granite, polished. Photorealistic product photo of a memorial in a misty pine cemetery in Polissia, Ukraine: autumn morning fog, soft diffused light, eye-level 50mm lens, monument centered and fully visible, granite paving path on the left, blurred old headstones and pines in the background, muted natural colours, portrait 4:5 (e.g. 2048×2560), monument fills about 70 % of the frame height. Portrait placeholder: no portrait, engraved orthodox cross instead. Engraved gold placeholder text 'Прізвище Ім'я По-батькові' and dates '00.00.0000 — 00.00.0000', no real names, no other readable text, no people, no watermark."
159,child,"Дитячий, серце з крилами",Межиріцький,bazova,159-child-Межиріцький.png,"small heart-shaped stele with carved wings, simple profiled edge, small engraved cross. Stone: red Mezhyrichka granite with large grey 'flower' inclusions. Photorealistic product photo of a memorial in a misty pine cemetery in Polissia, Ukraine: autumn morning fog, soft diffused light, eye-level 50mm lens, monument centered and fully visible, granite paving path on the left, blurred old headstones and pines in the background, muted natural colours, portrait 4:5 (e.g. 2048×2560), monument fills about 70 % of the frame height. Portrait placeholder: ceramic oval with a Madonna icon. Engraved gold placeholder text 'Прізвище Ім'я По-батькові' and dates '00.00.0000 — 00.00.0000', no real names, no other readable text, no people, no watermark."
160,child,"Дитячий, хмаринка",Токівський,standartna,160-child-Токівський.png,"small stele shaped like a cloud with a star, figured top, engraved ornament along one edge. Stone: red-brown Tokivske granite with dark specks. Photorealistic product photo of a memorial in a misty pine cemetery in Polissia, Ukraine: autumn morning fog, soft diffused light, eye-level 50mm lens, monument centered and fully visible, granite paving path on the left, blurred old headstones and pines in the background, muted natural colours, portrait 4:5 (e.g. 2048×2560), monument fills about 70 % of the frame height. Portrait placeholder: laser-engraved portrait area left blank (subtle lighter oval). Engraved gold placeholder text 'Прізвище Ім'я По-батькові' and dates '00.00.0000 — 00.00.0000', no real names, no other readable text, no people, no watermark."
161,child,"Дитячий, голуб",Дідковицький,skladna,161-child-Дідковицький.png,"small stele with a carved dove on top, hand-carved relief elements, combination of polished and matte surfaces. Stone: dark green Didkovychi granite with grey undertone. Photorealistic product photo of a memorial in a misty pine cemetery in Polissia, Ukraine: autumn morning fog, soft diffused light, eye-level 50mm lens, monument centered and fully visible, granite paving path on the left, blurred old headstones and pines in the background, muted natural colours, portrait 4:5 (e.g. 2048×2560), monument fills about 70 % of the frame height. Portrait placeholder: ceramic rectangle with a Christ icon. Engraved gold placeholder text 'Прізвище Ім'я По-батькові' and dates '00.00.0000 — 00.00.0000', no real names, no other readable text, no people, no watermark."
162,child,"Дитячий, квітка",Маславський,elitna,162-child-Маславський.png,"small flower-shaped stele on a low pedestal, sculptural carving, gilded details, two-stone combination, premium finish. Stone: green-grey Maslavka granite, fine grain. Photorealistic product photo of a memorial in a misty pine cemetery in Polissia, Ukraine: autumn morning fog, soft diffused light, eye-level 50mm lens, monument centered and fully visible, granite paving path on the left, blurred old headstones and pines in the background, muted natural colours, portrait 4:5 (e.g. 2048×2560), monument fills about 70 % of the frame height. Portrait placeholder: no portrait, engraved orthodox cross instead. Engraved gold placeholder text 'Прізвище Ім'я По-батькові' and dates '00.00.0000 — 00.00.0000', no real names, no other readable text, no people, no watermark."
163,child,"Дитячий, книга",marble,prosta,163-child-marble.png,"small open-book stele with a carved toy, plain rectangular edges, name and dates only. Stone: white Carrara-type marble with soft grey veins. Photorealistic product photo of a memorial in a misty pine cemetery in Polissia, Ukraine: autumn morning fog, soft diffused light, eye-level 50mm lens, monument centered and fully visible, granite paving path on the left, blurred old headstones and pines in the background, muted natural colours, portrait 4:5 (e.g. 2048×2560), monument fills about 70 % of the frame height. Portrait placeholder: ceramic oval with a Madonna icon. Engraved gold placeholder text 'Прізвище Ім'я По-батькові' and dates '00.00.0000 — 00.00.0000', no real names, no other readable text, no people, no watermark."
164,child,"Дитячий, з ліхтариком",marble,bazova,164-child-marble.png,"small rounded stele with a granite lantern, simple profiled edge, small engraved cross. Stone: white Carrara-type marble with soft grey veins. Photorealistic product photo of a memorial in a misty pine cemetery in Polissia, Ukraine: autumn morning fog, soft diffused light, eye-level 50mm lens, monument centered and fully visible, granite paving path on the left, blurred old headstones and pines in the background, muted natural colours, portrait 4:5 (e.g. 2048×2560), monument fills about 70 % of the frame height. Portrait placeholder: laser-engraved portrait area left blank (subtle lighter oval). Engraved gold placeholder text 'Прізвище Ім'я По-батькові' and dates '00.00.0000 — 00.00.0000', no real names, no other readable text, no people, no watermark."
165,military,"Військовий, тризуб і прапор",gabbro,standartna,165-military-gabbro.png,"tall stele with an engraved trident, small Ukrainian flag beside, figured top, engraved ornament along one edge. Stone: deep black polished gabbro, mirror-like, no inclusions. Photorealistic product photo of a memorial in a misty pine cemetery in Polissia, Ukraine: autumn morning fog, soft diffused light, eye-level 50mm lens, monument centered and fully visible, granite paving path on the left, blurred old headstones and pines in the background, muted natural colours, portrait 4:5 (e.g. 2048×2560), monument fills about 70 % of the frame height. Portrait placeholder: ceramic rectangle with a Christ icon. Engraved gold placeholder text 'Прізвище Ім'я По-батькові' and dates '00.00.0000 — 00.00.0000', no real names, no other readable text, no people, no watermark."
166,military,"Військовий, мапа України",labradorite,skladna,166-military-labradorite.png,"stele with a relief map of Ukraine and engraved emblem, hand-carved relief elements, combination of polished and matte surfaces. Stone: black labradorite with blue-green iridescent flashes. Photorealistic product photo of a memorial in a misty pine cemetery in Polissia, Ukraine: autumn morning fog, soft diffused light, eye-level 50mm lens, monument centered and fully visible, granite paving path on the left, blurred old headstones and pines in the background, muted natural colours, portrait 4:5 (e.g. 2048×2560), monument fills about 70 % of the frame height. Portrait placeholder: no portrait, engraved orthodox cross instead. Engraved gold placeholder text 'Прізвище Ім'я По-батькові' and dates '00.00.0000 — 00.00.0000', no real names, no other readable text, no people, no watermark."
167,military,"Військовий, шеврон",Покостівський,elitna,167-military-Покостівський.png,"stele with engraved unit chevron and portrait in uniform placeholder, sculptural carving, gilded details, two-stone combination, premium finish. Stone: light grey fine-grained Pokostivka granite, polished. Photorealistic product photo of a memorial in a misty pine cemetery in Polissia, Ukraine: autumn morning fog, soft diffused light, eye-level 50mm lens, monument centered and fully visible, granite paving path on the left, blurred old headstones and pines in the background, muted natural colours, portrait 4:5 (e.g. 2048×2560), monument fills about 70 % of the frame height. Portrait placeholder: ceramic oval with a Madonna icon. Engraved gold placeholder text 'Прізвище Ім'я По-батькові' and dates '00.00.0000 — 00.00.0000', no real names, no other readable text, no people, no watermark."
168,military,"Військовий, обеліск",Танський,prosta,168-military-Танський.png,"tall obelisk with engraved trident and gold inscription, plain rectangular edges, name and dates only. Stone: light grey Tanske granite with small dark specks. Photorealistic product photo of a memorial in a misty pine cemetery in Polissia, Ukraine: autumn morning fog, soft diffused light, eye-level 50mm lens, monument centered and fully visible, granite paving path on the left, blurred old headstones and pines in the background, muted natural colours, portrait 4:5 (e.g. 2048×2560), monument fills about 70 % of the frame height. Portrait placeholder: laser-engraved portrait area left blank (subtle lighter oval). Engraved gold placeholder text 'Прізвище Ім'я По-батькові' and dates '00.00.0000 — 00.00.0000', no real names, no other readable text, no people, no watermark."
169,military,"Військовий, фігура воїна",Софіївський,bazova,169-military-Софіївський.png,"stele with a carved standing soldier silhouette, simple profiled edge, small engraved cross. Stone: warm grey-beige Sofiivka granite, polished. Photorealistic product photo of a memorial in a misty pine cemetery in Polissia, Ukraine: autumn morning fog, soft diffused light, eye-level 50mm lens, monument centered and fully visible, granite paving path on the left, blurred old headstones and pines in the background, muted natural colours, portrait 4:5 (e.g. 2048×2560), monument fills about 70 % of the frame height. Portrait placeholder: ceramic rectangle with a Christ icon. Engraved gold placeholder text 'Прізвище Ім'я По-батькові' and dates '00.00.0000 — 00.00.0000', no real names, no other readable text, no people, no watermark."
170,military,"Військовий, флагшток",Корнинський,standartna,170-military-Корнинський.png,"memorial with a granite flagpole base and stele, figured top, engraved ornament along one edge. Stone: grey-pink coarse 'Leopard' Kornyn granite. Photorealistic product photo of a memorial in a misty pine cemetery in Polissia, Ukraine: autumn morning fog, soft diffused light, eye-level 50mm lens, monument centered and fully visible, granite paving path on the left, blurred old headstones and pines in the background, muted natural colours, portrait 4:5 (e.g. 2048×2560), monument fills about 70 % of the frame height. Portrait placeholder: no portrait, engraved orthodox cross instead. Engraved gold placeholder text 'Прізвище Ім'я По-батькові' and dates '00.00.0000 — 00.00.0000', no real names, no other readable text, no people, no watermark."
171,military,"Військовий, розірваний край",gabbro,skladna,171-military-gabbro.png,"stele with a torn asymmetric edge symbolising loss, hand-carved relief elements, combination of polished and matte surfaces. Stone: deep black polished gabbro, mirror-like, no inclusions. Photorealistic product photo of a memorial in a misty pine cemetery in Polissia, Ukraine: autumn morning fog, soft diffused light, eye-level 50mm lens, monument centered and fully visible, granite paving path on the left, blurred old headstones and pines in the background, muted natural colours, portrait 4:5 (e.g. 2048×2560), monument fills about 70 % of the frame height. Portrait placeholder: ceramic oval with a Madonna icon. Engraved gold placeholder text 'Прізвище Ім'я По-батькові' and dates '00.00.0000 — 00.00.0000', no real names, no other readable text, no people, no watermark."
172,military,"Військовий, крила",Лезниківський,elitna,172-military-Лезниківський.png,"stele with carved wings behind an engraved emblem, sculptural carving, gilded details, two-stone combination, premium finish. Stone: brick-red coarse-grained Leznyky granite, polished. Photorealistic product photo of a memorial in a misty pine cemetery in Polissia, Ukraine: autumn morning fog, soft diffused light, eye-level 50mm lens, monument centered and fully visible, granite paving path on the left, blurred old headstones and pines in the background, muted natural colours, portrait 4:5 (e.g. 2048×2560), monument fills about 70 % of the frame height. Portrait placeholder: laser-engraved portrait area left blank (subtle lighter oval). Engraved gold placeholder text 'Прізвище Ім'я По-батькові' and dates '00.00.0000 — 00.00.0000', no real names, no other readable text, no people, no watermark."
173,military,"Військовий, подвійна плита",gabbro,prosta,173-military-gabbro.png,"stele with a separate slab for epitaph and awards, plain rectangular edges, name and dates only. Stone: deep black polished gabbro, mirror-like, no inclusions. Photorealistic product photo of a memorial in a misty pine cemetery in Polissia, Ukraine: autumn morning fog, soft diffused light, eye-level 50mm lens, monument centered and fully visible, granite paving path on the left, blurred old headstones and pines in the background, muted natural colours, portrait 4:5 (e.g. 2048×2560), monument fills about 70 % of the frame height. Portrait placeholder: ceramic rectangle with a Christ icon. Engraved gold placeholder text 'Прізвище Ім'я По-батькові' and dates '00.00.0000 — 00.00.0000', no real names, no other readable text, no people, no watermark."
174,military,"Військовий, з калиною",Токівський,bazova,174-military-Токівський.png,"stele with engraved viburnum branch and trident, simple profiled edge, small engraved cross. Stone: red-brown Tokivske granite with dark specks. Photorealistic product photo of a memorial in a misty pine cemetery in Polissia, Ukraine: autumn morning fog, soft diffused light, eye-level 50mm lens, monument centered and fully visible, granite paving path on the left, blurred old headstones and pines in the background, muted natural colours, portrait 4:5 (e.g. 2048×2560), monument fills about 70 % of the frame height. Portrait placeholder: no portrait, engraved orthodox cross instead. Engraved gold placeholder text 'Прізвище Ім'я По-батькові' and dates '00.00.0000 — 00.00.0000', no real names, no other readable text, no people, no watermark."
175,military,"Військовий, хрест і прапор",Дідковицький,standartna,175-military-Дідковицький.png,"cross-shaped stele with engraved flag ribbon, figured top, engraved ornament along one edge. Stone: dark green Didkovychi granite with grey undertone. Photorealistic product photo of a memorial in a misty pine cemetery in Polissia, Ukraine: autumn morning fog, soft diffused light, eye-level 50mm lens, monument centered and fully visible, granite paving path on the left, blurred old headstones and pines in the background, muted natural colours, portrait 4:5 (e.g. 2048×2560), monument fills about 70 % of the frame height. Portrait placeholder: ceramic oval with a Madonna icon. Engraved gold placeholder text 'Прізвище Ім'я По-батькові' and dates '00.00.0000 — 00.00.0000', no real names, no other readable text, no people, no watermark."
176,military,"Військовий, комплекс",Маславський,skladna,176-military-Маславський.png,"full plot: stele, slab, low granite fence and lantern, hand-carved relief elements, combination of polished and matte surfaces. Stone: green-grey Maslavka granite, fine grain. Photorealistic product photo of a memorial in a misty pine cemetery in Polissia, Ukraine: autumn morning fog, soft diffused light, eye-level 50mm lens, monument centered and fully visible, granite paving path on the left, blurred old headstones and pines in the background, muted natural colours, portrait 4:5 (e.g. 2048×2560), monument fills about 70 % of the frame height. Portrait placeholder: laser-engraved portrait area left blank (subtle lighter oval). Engraved gold placeholder text 'Прізвище Ім'я По-батькові' and dates '00.00.0000 — 00.00.0000', no real names, no other readable text, no people, no watermark."
177,european,"Європейський, низька стела",Берестовецький,elitna,177-european-Берестовецький.png,"low stele on a full-length polished slab with a lamp, sculptural carving, gilded details, two-stone combination, premium finish. Stone: dark grey, almost black Berestovets basalt, satin polish. Photorealistic product photo of a memorial in a misty pine cemetery in Polissia, Ukraine: autumn morning fog, soft diffused light, eye-level 50mm lens, monument centered and fully visible, granite paving path on the left, blurred old headstones and pines in the background, muted natural colours, portrait 4:5 (e.g. 2048×2560), monument fills about 70 % of the frame height. Portrait placeholder: ceramic rectangle with a Christ icon. Engraved gold placeholder text 'Прізвище Ім'я По-батькові' and dates '00.00.0000 — 00.00.0000', no real names, no other readable text, no people, no watermark."
178,european,"Європейський, похила плита",marble,prosta,178-european-marble.png,"full slab with an inclined headstone and bronze letters, plain rectangular edges, name and dates only. Stone: white Carrara-type marble with soft grey veins. Photorealistic product photo of a memorial in a misty pine cemetery in Polissia, Ukraine: autumn morning fog, soft diffused light, eye-level 50mm lens, monument centered and fully visible, granite paving path on the left, blurred old headstones and pines in the background, muted natural colours, portrait 4:5 (e.g. 2048×2560), monument fills about 70 % of the frame height. Portrait placeholder: no portrait, engraved orthodox cross instead. Engraved gold placeholder text 'Прізвище Ім'я По-батькові' and dates '00.00.0000 — 00.00.0000', no real names, no other readable text, no people, no watermark."
179,european,"Європейський, з вазою",gabbro,bazova,179-european-gabbro.png,"low stele, full slab, matching vase and lantern, simple profiled edge, small engraved cross. Stone: deep black polished gabbro, mirror-like, no inclusions. Photorealistic product photo of a memorial in a misty pine cemetery in Polissia, Ukraine: autumn morning fog, soft diffused light, eye-level 50mm lens, monument centered and fully visible, granite paving path on the left, blurred old headstones and pines in the background, muted natural colours, portrait 4:5 (e.g. 2048×2560), monument fills about 70 % of the frame height. Portrait placeholder: ceramic oval with a Madonna icon. Engraved gold placeholder text 'Прізвище Ім'я По-батькові' and dates '00.00.0000 — 00.00.0000', no real names, no other readable text, no people, no watermark."
180,european,"Європейський, рамка",labradorite,standartna,180-european-labradorite.png,"low stele with a slab frame for flowers, figured top, engraved ornament along one edge. Stone: black labradorite with blue-green iridescent flashes. Photorealistic product photo of a memorial in a misty pine cemetery in Polissia, Ukraine: autumn morning fog, soft diffused light, eye-level 50mm lens, monument centered and fully visible, granite paving path on the left, blurred old headstones and pines in the background, muted natural colours, portrait 4:5 (e.g. 2048×2560), monument fills about 70 % of the frame height. Portrait placeholder: laser-engraved portrait area left blank (subtle lighter oval). Engraved gold placeholder text 'Прізвище Ім'я По-батькові' and dates '00.00.0000 — 00.00.0000', no real names, no other readable text, no people, no watermark."
181,european,"Європейський, дві плити",Покостівський,skladna,181-european-Покостівський.png,"two adjoining slabs with one low stele, hand-carved relief elements, combination of polished and matte surfaces. Stone: light grey fine-grained Pokostivka granite, polished. Photorealistic product photo of a memorial in a misty pine cemetery in Polissia, Ukraine: autumn morning fog, soft diffused light, eye-level 50mm lens, monument centered and fully visible, granite paving path on the left, blurred old headstones and pines in the background, muted natural colours, portrait 4:5 (e.g. 2048×2560), monument fills about 70 % of the frame height. Portrait placeholder: ceramic rectangle with a Christ icon. Engraved gold placeholder text 'Прізвище Ім'я По-батькові' and dates '00.00.0000 — 00.00.0000', no real names, no other readable text, no people, no watermark."
182,european,"Європейський, з хрестом",Танський,elitna,182-european-Танський.png,"low stele with a carved cross and full slab, sculptural carving, gilded details, two-stone combination, premium finish. Stone: light grey Tanske granite with small dark specks. Photorealistic product photo of a memorial in a misty pine cemetery in Polissia, Ukraine: autumn morning fog, soft diffused light, eye-level 50mm lens, monument centered and fully visible, granite paving path on the left, blurred old headstones and pines in the background, muted natural colours, portrait 4:5 (e.g. 2048×2560), monument fills about 70 % of the frame height. Portrait placeholder: no portrait, engraved orthodox cross instead. Engraved gold placeholder text 'Прізвище Ім'я По-батькові' and dates '00.00.0000 — 00.00.0000', no real names, no other readable text, no people, no watermark."
183,european,"Європейський, асиметрична",Софіївський,prosta,183-european-Софіївський.png,"low asymmetric stele on a slab with a bronze rose, plain rectangular edges, name and dates only. Stone: warm grey-beige Sofiivka granite, polished. Photorealistic product photo of a memorial in a misty pine cemetery in Polissia, Ukraine: autumn morning fog, soft diffused light, eye-level 50mm lens, monument centered and fully visible, granite paving path on the left, blurred old headstones and pines in the background, muted natural colours, portrait 4:5 (e.g. 2048×2560), monument fills about 70 % of the frame height. Portrait placeholder: ceramic oval with a Madonna icon. Engraved gold placeholder text 'Прізвище Ім'я По-батькові' and dates '00.00.0000 — 00.00.0000', no real names, no other readable text, no people, no watermark."
184,european,"Європейський, з лавкою",Корнинський,bazova,184-european-Корнинський.png,"low stele, slab and a small granite bench, simple profiled edge, small engraved cross. Stone: grey-pink coarse 'Leopard' Kornyn granite. Photorealistic product photo of a memorial in a misty pine cemetery in Polissia, Ukraine: autumn morning fog, soft diffused light, eye-level 50mm lens, monument centered and fully visible, granite paving path on the left, blurred old headstones and pines in the background, muted natural colours, portrait 4:5 (e.g. 2048×2560), monument fills about 70 % of the frame height. Portrait placeholder: laser-engraved portrait area left blank (subtle lighter oval). Engraved gold placeholder text 'Прізвище Ім'я По-батькові' and dates '00.00.0000 — 00.00.0000', no real names, no other readable text, no people, no watermark."
185,complex,"Комплекс, балясини",Капустинський,standartna,185-complex-Капустинський.png,"full plot with balustrade fence, stele, slab and flower bed, figured top, engraved ornament along one edge. Stone: pinkish-red Kapustyne granite, medium grain. Photorealistic product photo of a memorial in a misty pine cemetery in Polissia, Ukraine: autumn morning fog, soft diffused light, eye-level 50mm lens, monument centered and fully visible, granite paving path on the left, blurred old headstones and pines in the background, muted natural colours, portrait 4:5 (e.g. 2048×2560), monument fills about 70 % of the frame height. Portrait placeholder: ceramic rectangle with a Christ icon. Engraved gold placeholder text 'Прізвище Ім'я По-батькові' and dates '00.00.0000 — 00.00.0000', no real names, no other readable text, no people, no watermark."
186,complex,"Комплекс, лава і стіл",Лезниківський,skladna,186-complex-Лезниківський.png,"full plot with stele, granite bench and table, hand-carved relief elements, combination of polished and matte surfaces. Stone: brick-red coarse-grained Leznyky granite, polished. Photorealistic product photo of a memorial in a misty pine cemetery in Polissia, Ukraine: autumn morning fog, soft diffused light, eye-level 50mm lens, monument centered and fully visible, granite paving path on the left, blurred old headstones and pines in the background, muted natural colours, portrait 4:5 (e.g. 2048×2560), monument fills about 70 % of the frame height. Portrait placeholder: no portrait, engraved orthodox cross instead. Engraved gold placeholder text 'Прізвище Ім'я По-батькові' and dates '00.00.0000 — 00.00.0000', no real names, no other readable text, no people, no watermark."
187,complex,"Комплекс, дві стели",Межиріцький,elitna,187-complex-Межиріцький.png,"full plot with two steles on one pedestal, tiled area, sculptural carving, gilded details, two-stone combination, premium finish. Stone: red Mezhyrichka granite with large grey 'flower' inclusions. Photorealistic product photo of a memorial in a misty pine cemetery in Polissia, Ukraine: autumn morning fog, soft diffused light, eye-level 50mm lens, monument centered and fully visible, granite paving path on the left, blurred old headstones and pines in the background, muted natural colours, portrait 4:5 (e.g. 2048×2560), monument fills about 70 % of the frame height. Portrait placeholder: ceramic oval with a Madonna icon. Engraved gold placeholder text 'Прізвище Ім'я По-батькові' and dates '00.00.0000 — 00.00.0000', no real names, no other readable text, no people, no watermark."
188,complex,"Комплекс, арка",Токівський,prosta,188-complex-Токівський.png,"full plot with an arched stele and columns, plain rectangular edges, name and dates only. Stone: red-brown Tokivske granite with dark specks. Photorealistic product photo of a memorial in a misty pine cemetery in Polissia, Ukraine: autumn morning fog, soft diffused light, eye-level 50mm lens, monument centered and fully visible, granite paving path on the left, blurred old headstones and pines in the background, muted natural colours, portrait 4:5 (e.g. 2048×2560), monument fills about 70 % of the frame height. Portrait placeholder: laser-engraved portrait area left blank (subtle lighter oval). Engraved gold placeholder text 'Прізвище Ім'я По-батькові' and dates '00.00.0000 — 00.00.0000', no real names, no other readable text, no people, no watermark."
189,complex,"Комплекс, кулі",Дідковицький,bazova,189-complex-Дідковицький.png,"full plot with granite fence posts topped by spheres, simple profiled edge, small engraved cross. Stone: dark green Didkovychi granite with grey undertone. Photorealistic product photo of a memorial in a misty pine cemetery in Polissia, Ukraine: autumn morning fog, soft diffused light, eye-level 50mm lens, monument centered and fully visible, granite paving path on the left, blurred old headstones and pines in the background, muted natural colours, portrait 4:5 (e.g. 2048×2560), monument fills about 70 % of the frame height. Portrait placeholder: ceramic rectangle with a Christ icon. Engraved gold placeholder text 'Прізвище Ім'я По-батькові' and dates '00.00.0000 — 00.00.0000', no real names, no other readable text, no people, no watermark."
190,complex,"Комплекс, ангел",Маславський,standartna,190-complex-Маславський.png,"full plot with a full-size carved angel beside the stele, figured top, engraved ornament along one edge. Stone: green-grey Maslavka granite, fine grain. Photorealistic product photo of a memorial in a misty pine cemetery in Polissia, Ukraine: autumn morning fog, soft diffused light, eye-level 50mm lens, monument centered and fully visible, granite paving path on the left, blurred old headstones and pines in the background, muted natural colours, portrait 4:5 (e.g. 2048×2560), monument fills about 70 % of the frame height. Portrait placeholder: no portrait, engraved orthodox cross instead. Engraved gold placeholder text 'Прізвище Ім'я По-батькові' and dates '00.00.0000 — 00.00.0000', no real names, no other readable text, no people, no watermark."
191,complex,"Комплекс, облицювання",Берестовецький,skladna,191-complex-Берестовецький.png,"full plot fully tiled in granite with a raised flower bed, hand-carved relief elements, combination of polished and matte surfaces. Stone: dark grey, almost black Berestovets basalt, satin polish. Photorealistic product photo of a memorial in a misty pine cemetery in Polissia, Ukraine: autumn morning fog, soft diffused light, eye-level 50mm lens, monument centered and fully visible, granite paving path on the left, blurred old headstones and pines in the background, muted natural colours, portrait 4:5 (e.g. 2048×2560), monument fills about 70 % of the frame height. Portrait placeholder: ceramic oval with a Madonna icon. Engraved gold placeholder text 'Прізвище Ім'я По-батькові' and dates '00.00.0000 — 00.00.0000', no real names, no other readable text, no people, no watermark."
192,complex,"Комплекс, родинний",marble,elitna,192-complex-marble.png,"family plot for three graves with one wide stele, sculptural carving, gilded details, two-stone combination, premium finish. Stone: white Carrara-type marble with soft grey veins. Photorealistic product photo of a memorial in a misty pine cemetery in Polissia, Ukraine: autumn morning fog, soft diffused light, eye-level 50mm lens, monument centered and fully visible, granite paving path on the left, blurred old headstones and pines in the background, muted natural colours, portrait 4:5 (e.g. 2048×2560), monument fills about 70 % of the frame height. Portrait placeholder: laser-engraved portrait area left blank (subtle lighter oval). Engraved gold placeholder text 'Прізвище Ім'я По-батькові' and dates '00.00.0000 — 00.00.0000', no real names, no other readable text, no people, no watermark."
193,complex,"Комплекс, з хрестом",gabbro,prosta,193-complex-gabbro.png,"full plot with a tall cross and a low slab, plain rectangular edges, name and dates only. Stone: deep black polished gabbro, mirror-like, no inclusions. Photorealistic product photo of a memorial in a misty pine cemetery in Polissia, Ukraine: autumn morning fog, soft diffused light, eye-level 50mm lens, monument centered and fully visible, granite paving path on the left, blurred old headstones and pines in the background, muted natural colours, portrait 4:5 (e.g. 2048×2560), monument fills about 70 % of the frame height. Portrait placeholder: ceramic rectangle with a Christ icon. Engraved gold placeholder text 'Прізвище Ім'я По-батькові' and dates '00.00.0000 — 00.00.0000', no real names, no other readable text, no people, no watermark."
194,complex,"Комплекс, з портретом на плиті",labradorite,bazova,194-complex-labradorite.png,"full plot with a horizontal portrait slab and a low stele, simple profiled edge, small engraved cross. Stone: black labradorite with blue-green iridescent flashes. Photorealistic product photo of a memorial in a misty pine cemetery in Polissia, Ukraine: autumn morning fog, soft diffused light, eye-level 50mm lens, monument centered and fully visible, granite paving path on the left, blurred old headstones and pines in the background, muted natural colours, portrait 4:5 (e.g. 2048×2560), monument fills about 70 % of the frame height. Portrait placeholder: no portrait, engraved orthodox cross instead. Engraved gold placeholder text 'Прізвище Ім'я По-батькові' and dates '00.00.0000 — 00.00.0000', no real names, no other readable text, no people, no watermark."
195,complex,"Комплекс, з огорожею ланцюгом",Покостівський,standartna,195-complex-Покостівський.png,"full plot with granite posts and a chain fence, figured top, engraved ornament along one edge. Stone: light grey fine-grained Pokostivka granite, polished. Photorealistic product photo of a memorial in a misty pine cemetery in Polissia, Ukraine: autumn morning fog, soft diffused light, eye-level 50mm lens, monument centered and fully visible, granite paving path on the left, blurred old headstones and pines in the background, muted natural colours, portrait 4:5 (e.g. 2048×2560), monument fills about 70 % of the frame height. Portrait placeholder: ceramic oval with a Madonna icon. Engraved gold placeholder text 'Прізвище Ім'я По-батькові' and dates '00.00.0000 — 00.00.0000', no real names, no other readable text, no people, no watermark."
196,complex,"Комплекс, ступінчастий",Танський,skladna,196-complex-Танський.png,"full plot with stepped pedestal and two lanterns, hand-carved relief elements, combination of polished and matte surfaces. Stone: light grey Tanske granite with small dark specks. Photorealistic product photo of a memorial in a misty pine cemetery in Polissia, Ukraine: autumn morning fog, soft diffused light, eye-level 50mm lens, monument centered and fully visible, granite paving path on the left, blurred old headstones and pines in the background, muted natural colours, portrait 4:5 (e.g. 2048×2560), monument fills about 70 % of the frame height. Portrait placeholder: laser-engraved portrait area left blank (subtle lighter oval). Engraved gold placeholder text 'Прізвище Ім'я По-батькові' and dates '00.00.0000 — 00.00.0000', no real names, no other readable text, no people, no watermark."
197,other,Скульптура ангела,Софіївський,elitna,197-other-Софіївський.png,"full-size carved angel statue on a pedestal as the main monument, sculptural carving, gilded details, two-stone combination, premium finish. Stone: warm grey-beige Sofiivka granite, polished. Photorealistic product photo of a memorial in a misty pine cemetery in Polissia, Ukraine: autumn morning fog, soft diffused light, eye-level 50mm lens, monument centered and fully visible, granite paving path on the left, blurred old headstones and pines in the background, muted natural colours, portrait 4:5 (e.g. 2048×2560), monument fills about 70 % of the frame height. Portrait placeholder: ceramic rectangle with a Christ icon. Engraved gold placeholder text 'Прізвище Ім'я По-батькові' and dates '00.00.0000 — 00.00.0000', no real names, no other readable text, no people, no watermark."
198,other,Надгробна плита,Корнинський,prosta,198-other-Корнинський.png,"horizontal full-length polished slab with engraved cross, no vertical stele, plain rectangular edges, name and dates only. Stone: grey-pink coarse 'Leopard' Kornyn granite. Photorealistic product photo of a memorial in a misty pine cemetery in Polissia, Ukraine: autumn morning fog, soft diffused light, eye-level 50mm lens, monument centered and fully visible, granite paving path on the left, blurred old headstones and pines in the background, muted natural colours, portrait 4:5 (e.g. 2048×2560), monument fills about 70 % of the frame height. Portrait placeholder: no portrait, engraved orthodox cross instead. Engraved gold placeholder text 'Прізвище Ім'я По-батькові' and dates '00.00.0000 — 00.00.0000', no real names, no other readable text, no people, no watermark."
199,other,Обеліск,Капустинський,bazova,199-other-Капустинський.png,"tall four-sided obelisk with a pyramidal top, simple profiled edge, small engraved cross. Stone: pinkish-red Kapustyne granite, medium grain. Photorealistic product photo of a memorial in a misty pine cemetery in Polissia, Ukraine: autumn morning fog, soft diffused light, eye-level 50mm lens, monument centered and fully visible, granite paving path on the left, blurred old headstones and pines in the background, muted natural colours, portrait 4:5 (e.g. 2048×2560), monument fills about 70 % of the frame height. Portrait placeholder: ceramic oval with a Madonna icon. Engraved gold placeholder text 'Прізвище Ім'я По-батькові' and dates '00.00.0000 — 00.00.0000', no real names, no other readable text, no people, no watermark."
200,other,Колумбарна плита,Лезниківський,standartna,200-other-Лезниківський.png,"columbarium niche plate with engraved text and a small ceramic oval, figured top, engraved ornament along one edge. Stone: brick-red coarse-grained Leznyky granite, polished. Photorealistic product photo of a memorial in a misty pine cemetery in Polissia, Ukraine: autumn morning fog, soft diffused light, eye-level 50mm lens, monument centered and fully visible, granite paving path on the left, blurred old headstones and pines in the background, muted natural colours, portrait 4:5 (e.g. 2048×2560), monument fills about 70 % of the frame height. Portrait placeholder: laser-engraved portrait area left blank (subtle lighter oval). Engraved gold placeholder text 'Прізвище Ім'я По-батькові' and dates '00.00.0000 — 00.00.0000', no real names, no other readable text, no people, no watermark."
201,other,Стела з барельєфом,Межиріцький,skladna,201-other-Межиріцький.png,"stele with a bronze bas-relief portrait, hand-carved relief elements, combination of polished and matte surfaces. Stone: red Mezhyrichka granite with large grey 'flower' inclusions. Photorealistic product photo of a memorial in a misty pine cemetery in Polissia, Ukraine: autumn morning fog, soft diffused light, eye-level 50mm lens, monument centered and fully visible, granite paving path on the left, blurred old headstones and pines in the background, muted natural colours, portrait 4:5 (e.g. 2048×2560), monument fills about 70 % of the frame height. Portrait placeholder: ceramic rectangle with a Christ icon. Engraved gold placeholder text 'Прізвище Ім'я По-батькові' and dates '00.00.0000 — 00.00.0000', no real names, no other readable text, no people, no watermark."
202,other,Урна-пам'ятник,Токівський,elitna,202-other-Токівський.png,"small cube monument for an urn with a carved lid, sculptural carving, gilded details, two-stone combination, premium finish. Stone: red-brown Tokivske granite with dark specks. Photorealistic product photo of a memorial in a misty pine cemetery in Polissia, Ukraine: autumn morning fog, soft diffused light, eye-level 50mm lens, monument centered and fully visible, granite paving path on the left, blurred old headstones and pines in the background, muted natural colours, portrait 4:5 (e.g. 2048×2560), monument fills about 70 % of the frame height. Portrait placeholder: no portrait, engraved orthodox cross instead. Engraved gold placeholder text 'Прізвище Ім'я По-батькові' and dates '00.00.0000 — 00.00.0000', no real names, no other readable text, no people, no watermark."
203,other,Валун,Дідковицький,prosta,203-other-Дідковицький.png,"natural boulder with one polished face for the inscription, plain rectangular edges, name and dates only. Stone: dark green Didkovychi granite with grey undertone. Photorealistic product photo of a memorial in a misty pine cemetery in Polissia, Ukraine: autumn morning fog, soft diffused light, eye-level 50mm lens, monument centered and fully visible, granite paving path on the left, blurred old headstones and pines in the background, muted natural colours, portrait 4:5 (e.g. 2048×2560), monument fills about 70 % of the frame height. Portrait placeholder: ceramic oval with a Madonna icon. Engraved gold placeholder text 'Прізвище Ім'я По-батькові' and dates '00.00.0000 — 00.00.0000', no real names, no other readable text, no people, no watermark."
204,other,Скульптура Богородиці,Маславський,bazova,204-other-Маславський.png,"carved Virgin Mary figure on a pedestal with a flower bed, simple profiled edge, small engraved cross. Stone: green-grey Maslavka granite, fine grain. Photorealistic product photo of a memorial in a misty pine cemetery in Polissia, Ukraine: autumn morning fog, soft diffused light, eye-level 50mm lens, monument centered and fully visible, granite paving path on the left, blurred old headstones and pines in the background, muted natural colours, portrait 4:5 (e.g. 2048×2560), monument fills about 70 % of the frame height. Portrait placeholder: laser-engraved portrait area left blank (subtle lighter oval). Engraved gold placeholder text 'Прізвище Ім'я По-батькові' and dates '00.00.0000 — 00.00.0000', no real names, no other readable text, no people, no watermark."
205,other,Плита з розкритою книгою,Берестовецький,standartna,205-other-Берестовецький.png,"horizontal slab with a carved open book at the head, figured top, engraved ornament along one edge. Stone: dark grey, almost black Berestovets basalt, satin polish. Photorealistic product photo of a memorial in a misty pine cemetery in Polissia, Ukraine: autumn morning fog, soft diffused light, eye-level 50mm lens, monument centered and fully visible, granite paving path on the left, blurred old headstones and pines in the background, muted natural colours, portrait 4:5 (e.g. 2048×2560), monument fills about 70 % of the frame height. Portrait placeholder: ceramic rectangle with a Christ icon. Engraved gold placeholder text 'Прізвище Ім'я По-батькові' and dates '00.00.0000 — 00.00.0000', no real names, no other readable text, no people, no watermark."
206,other,Стела-дерево,marble,skladna,206-other-marble.png,"stele carved as a tree trunk with cut branches, hand-carved relief elements, combination of polished and matte surfaces. Stone: white Carrara-type marble with soft grey veins. Photorealistic product photo of a memorial in a misty pine cemetery in Polissia, Ukraine: autumn morning fog, soft diffused light, eye-level 50mm lens, monument centered and fully visible, granite paving path on the left, blurred old headstones and pines in the background, muted natural colours, portrait 4:5 (e.g. 2048×2560), monument fills about 70 % of the frame height. Portrait placeholder: no portrait, engraved orthodox cross instead. Engraved gold placeholder text 'Прізвище Ім'я По-батькові' and dates '00.00.0000 — 00.00.0000', no real names, no other readable text, no people, no watermark."
